id,client_order_id,created_at,updated_at,submitted_at,filled_at,expired_at,canceled_at,failed_at,replaced_at,replaced_by,replaces,asset_id,symbol,asset_class,qty,filled_qty,filled_avg_price,order_class,order_type,type,side,time_in_force,limit_price,stop_price,status,extended_hours,legs
9832e317-c969-40f0-a555-e0e8e9d4bdd0,b89fd686-25ee-4467-b79d-397ba7430207,2020-06-22T19:35:16.001015Z,2020-06-22T19:35:16.219388Z,2020-06-22T19:35:15.990473Z,2020-06-22T19:35:16.177325Z,,,,,,,994d434c-274b-47f2-a444-bdbed39c9fa7,ATOS,us_equity,360,360,3.75,,market,market,sell,day,,,filled,False,
54b83d69-5c06-496f-9ac1-2ca04a49bdc1,d8295fb8-1ad0-400d-9d58-63d2dc1b5c97,2020-06-22T19:30:32.230031Z,2020-06-22T19:30:32.567584Z,2020-06-22T19:30:32.223553Z,2020-06-22T19:30:32.452346Z,,,,,,,2ebca25c-c3c3-47fd-b703-8b197574c929,FPRX,us_equity,1,1,6.25,,market,market,sell,day,,,filled,False,
d2df47a1-ddb1-4977-ad3d-3d1ce3c99948,223adebb-89c9-4a22-9179-aa59fe33f633,2020-06-22T19:30:07.540651Z,2020-06-22T19:30:07.785164Z,2020-06-22T19:30:07.519334Z,2020-06-22T19:30:07.729279Z,,,,,,,7de48af2-2648-42c6-8319-2719b702617f,SNCR,us_equity,329,329,3.97,,market,market,sell,day,,,filled,False,
fb7e13be-08de-4e26-acb5-cb607a79dc82,f04c4704-de1e-4819-bbef-3e2cf7e6bb11,2020-06-22T19:30:06.622156Z,2020-06-22T19:30:06.905365Z,2020-06-22T19:30:06.60784Z,2020-06-22T19:30:06.805116Z,,,,,,,a18d2410-9441-430d-837b-9a0d8c460e57,ZIOP,us_equity,364,364,3.55,,market,market,sell,day,,,filled,False,
8e5db3f8-4e36-45e0-b375-61bad9a8315d,b3c6cab7-1e5b-475f-9a2c-ac6d272e0f96,2020-06-22T19:30:05.644259Z,2020-06-22T19:30:06.317127Z,2020-06-22T19:30:05.638236Z,2020-06-22T19:30:06.265008Z,,,,,,,f60cecf2-26f9-476b-b4e1-ad403be580f2,FRAN,us_equity,287,287,5.07,,market,market,sell,day,,,filled,False,
46bda6d6-a520-4dbd-b470-7b566022aa8b,e6f6064d-7de3-4998-98f2-ec20cc5aa100,2020-06-22T17:20:52.181382Z,2020-06-22T17:20:52.281626Z,2020-06-22T17:20:52.178529Z,2020-06-22T17:20:52.249594Z,,,,,,,3171a059-104b-4e3e-a38c-8fe95849bfda,SONO,us_equity,68,68,14.19,,limit,limit,sell,day,14.18,,filled,False,
6ad5a478-996c-4019-bbfd-cd939dacbcc1,ee0f0bca-439c-424b-9254-5aea4ddcaf4b,2020-06-22T17:20:50.280879Z,2020-06-22T17:20:50.541808Z,2020-06-22T17:20:50.273449Z,,,2020-06-22T17:20:50.497869Z,,,,,3171a059-104b-4e3e-a38c-8fe95849bfda,SONO,us_equity,68,0,,,limit,limit,sell,day,14.18,,canceled,False,
e213b598-08e1-44dd-924f-d3b9aebc28fd,7a2b5af2-da88-4f50-be2f-fb4e7c9a66dc,2020-06-22T17:20:48.298212Z,2020-06-22T17:20:48.394561Z,2020-06-22T17:20:48.293179Z,,,2020-06-22T17:20:48.375612Z,,,,,3171a059-104b-4e3e-a38c-8fe95849bfda,SONO,us_equity,68,0,,,limit,limit,sell,day,14.18,,canceled,False,
e6d59f22-c210-4d5b-9cde-8b5895da5c5c,dc65c758-1576-4dd6-a4dd-78ea944a9939,2020-06-22T17:20:44.106984Z,2020-06-22T17:20:44.345766Z,2020-06-22T17:20:44.097452Z,,,2020-06-22T17:20:44.296578Z,,,,,3171a059-104b-4e3e-a38c-8fe95849bfda,SONO,us_equity,68,0,,,limit,limit,sell,day,14.19,,canceled,False,
14b37464-ef38-40fa-a1a6-f6b0351cf07d,fcef7500-0469-4fe2-be67-119b438cd5a3,2020-06-22T17:20:42.137287Z,2020-06-22T17:20:42.252462Z,2020-06-22T17:20:42.134798Z,,,2020-06-22T17:20:42.22651Z,,,,,3171a059-104b-4e3e-a38c-8fe95849bfda,SONO,us_equity,68,0,,,limit,limit,sell,day,14.18,,canceled,False,
579439f3-11a4-4160-9e8b-cf365b4e88f3,75211a34-230e-45a0-94fc-b866ba64a10b,2020-06-22T17:20:30.538134Z,2020-06-22T17:20:30.798661Z,2020-06-22T17:20:30.535032Z,2020-06-22T17:20:30.617823Z,,2020-06-22T17:20:30.77676Z,,,,,3171a059-104b-4e3e-a38c-8fe95849bfda,SONO,us_equity,99,31,14.14,,limit,limit,sell,day,14.12,,canceled,False,
61b31285-19b4-4d60-80d4-67d81ab6f9da,01d47e16-8c09-4608-872d-e0fb78a8f23a,2020-06-22T17:20:28.407803Z,2020-06-22T17:20:28.573226Z,2020-06-22T17:20:28.400981Z,,,2020-06-22T17:20:28.53015Z,,,,,3171a059-104b-4e3e-a38c-8fe95849bfda,SONO,us_equity,99,0,,,limit,limit,sell,day,14.14,,canceled,False,
f6123166-19af-4702-b123-43e397b40566,f0875cd0-b558-4f4f-b070-135518ac1aa1,2020-06-22T17:20:26.753261Z,2020-06-22T17:20:26.985079Z,2020-06-22T17:20:26.746154Z,,,2020-06-22T17:20:26.928792Z,,,,,3171a059-104b-4e3e-a38c-8fe95849bfda,SONO,us_equity,99,0,,,limit,limit,sell,day,14.2,,canceled,False,
6808329c-7a26-4a3a-999c-92f6702edf60,ef22c016-8347-4a3b-800e-e5d03ba6e805,2020-06-22T17:20:24.776416Z,2020-06-22T17:20:24.915702Z,2020-06-22T17:20:24.769641Z,,,2020-06-22T17:20:24.88421Z,,,,,3171a059-104b-4e3e-a38c-8fe95849bfda,SONO,us_equity,99,0,,,limit,limit,sell,day,14.19,,canceled,False,
a94ffe88-f2e4-4094-849c-20f49f966134,b5559d84-43a6-468a-bbd1-f1af48be4e7a,2020-06-22T17:20:21.167161Z,2020-06-22T17:20:21.318089Z,2020-06-22T17:20:21.162542Z,,,2020-06-22T17:20:21.273226Z,,,,,3171a059-104b-4e3e-a38c-8fe95849bfda,SONO,us_equity,99,0,,,limit,limit,sell,day,14.2,,canceled,False,
1ddaccc4-ed96-40bb-8072-80b9336af8f7,1dbfbf78-7acf-4548-9a83-6f56912f1823,2020-06-22T17:20:19.681371Z,2020-06-22T17:20:19.857169Z,2020-06-22T17:20:19.663428Z,,,2020-06-22T17:20:19.838941Z,,,,,3171a059-104b-4e3e-a38c-8fe95849bfda,SONO,us_equity,99,0,,,limit,limit,sell,day,14.18,,canceled,False,
70ad6b90-63cd-4bfc-9898-aa5b45cb3d82,5f8f171b-9a10-4472-b213-b32a6b716653,2020-06-22T17:20:17.420473Z,2020-06-22T17:20:17.66936Z,2020-06-22T17:20:17.408617Z,,,2020-06-22T17:20:17.613017Z,,,,,3171a059-104b-4e3e-a38c-8fe95849bfda,SONO,us_equity,99,0,,,limit,limit,sell,day,14.19,,canceled,False,
1a3f0459-777c-4854-9777-2023995419ba,27a4b04c-5238-4de9-97d3-07b89b472f10,2020-06-22T17:20:15.066198Z,2020-06-22T17:20:15.321893Z,2020-06-22T17:20:15.059626Z,,,2020-06-22T17:20:15.232673Z,,,,,3171a059-104b-4e3e-a38c-8fe95849bfda,SONO,us_equity,99,0,,,limit,limit,sell,day,14.17,,canceled,False,
610f4941-7f76-409d-9068-b13224ef74d8,bb0dfd19-8685-431e-932d-8906e1610c67,2020-06-22T15:34:07.874939Z,2020-06-22T15:34:13.924028Z,2020-06-22T15:34:07.870217Z,2020-06-22T15:34:13.913235Z,,,,,,,d6753bb8-2446-4da3-a422-165446e95f19,SY,us_equity,105,105,12.59,,limit,limit,sell,day,12.59,,filled,False,
523bd941-d761-4c8b-806c-c9ab068ea28e,f51ed8b4-68a1-455f-8b35-f699f009f8ac,2020-06-22T15:24:08.296637Z,2020-06-22T15:24:08.426451Z,2020-06-22T15:24:08.291515Z,2020-06-22T15:24:08.396501Z,,,,,,,ede37bf9-fccb-4653-8bf0-118ff53d05a4,NK,us_equity,128,128,11.76,,limit,limit,sell,day,11.75,,filled,False,
f009b4d0-4166-42b3-97ca-837f45dd09af,031b9689-223c-4ded-b0f2-3f5ff6e09a89,2020-06-22T15:24:06.249512Z,2020-06-22T15:24:06.410701Z,2020-06-22T15:24:06.23515Z,,,2020-06-22T15:24:06.373596Z,,,,,ede37bf9-fccb-4653-8bf0-118ff53d05a4,NK,us_equity,128,0,,,limit,limit,sell,day,11.74,,canceled,False,
abaa48da-f830-4f32-8119-66a472def777,5326466e-e23d-440d-bfd2-edf27bfcac3b,2020-06-22T15:23:21.857968Z,2020-06-22T15:23:22.134518Z,2020-06-22T15:23:21.851328Z,,,2020-06-22T15:23:22.042793Z,,,,,ede37bf9-fccb-4653-8bf0-118ff53d05a4,NK,us_equity,128,0,,,limit,limit,sell,day,11.46,,canceled,False,
40735f8f-acc6-4790-970c-207f0a50cf16,2a2d3e61-7542-4d5a-8fd2-01c579bb31a1,2020-06-22T15:00:22.605623Z,2020-06-22T15:00:22.815178Z,2020-06-22T15:00:22.602386Z,,,2020-06-22T15:00:22.746766Z,,,,,a18d2410-9441-430d-837b-9a0d8c460e57,ZIOP,us_equity,364,0,,,limit,limit,sell,day,3.41,,canceled,False,
e94c3d21-f5af-4890-be3f-f33117b765a0,b870867c-115d-4f25-9215-90dcdcd348df,2020-06-22T14:52:03.286753Z,2020-06-22T14:52:03.359476Z,2020-06-22T14:52:03.280927Z,2020-06-22T14:52:03.319944Z,,,,,,,3c2b0562-f07f-4868-8487-7b2cc046e332,HOME,us_equity,172,172,7.16,,limit,limit,sell,day,7.13,,filled,False,
cb7f16f4-4031-4b60-892b-9a7e4549dbdd,53a19be7-fc1a-451b-8288-f5d6113acac2,2020-06-22T14:51:58.111161Z,2020-06-22T14:52:00.303088Z,2020-06-22T14:51:58.107667Z,,,2020-06-22T14:52:00.284579Z,,,,,3c2b0562-f07f-4868-8487-7b2cc046e332,HOME,us_equity,172,0,,,limit,limit,sell,day,7.15,,canceled,False,
3dd7192a-32c9-421e-bff4-5246ae688195,a7cb3971-7a02-45f3-9ea7-7a1fb38e0aeb,2020-06-22T14:51:47.410433Z,2020-06-22T14:51:47.969718Z,2020-06-22T14:51:47.407251Z,2020-06-22T14:51:47.957312Z,,,,,,,8788b3e6-b7be-4416-956f-4b86065b37cb,SAND,us_equity,139,139,8.98,,limit,limit,sell,day,8.98,,filled,False,
1378c532-0a0e-4ff2-afd1-f7efb8cbb840,e7b2d7f1-dc17-4fbe-98f6-184befc212a7,2020-06-22T14:49:19.500164Z,2020-06-22T14:49:19.804165Z,2020-06-22T14:49:19.492829Z,2020-06-22T14:49:19.779596Z,,,,,,,8dd45eba-7b1b-48ef-b37e-8a9f4f520f64,BSBR,us_equity,209,209,5.98,,limit,limit,sell,day,5.98,,filled,False,
a3ad9461-9ec8-4ef6-bc3f-1a87983da22c,81972d88-5d20-4418-867c-d469940f6afa,2020-06-22T14:46:59.11962Z,2020-06-22T14:47:30.88671Z,2020-06-22T14:46:59.116285Z,2020-06-22T14:47:30.875466Z,,,,,,,d188e440-b2fc-4889-9c8f-ff6377622732,VMD,us_equity,105,105,11.79,,limit,limit,sell,day,11.77,,filled,False,
779bf1ac-265f-4909-8c68-008c73bfef24,a5b2ea5a-408a-43cf-ba3e-56bfd5ee2143,2020-06-22T14:46:54.597313Z,2020-06-22T14:46:57.346671Z,2020-06-22T14:46:54.591634Z,,,2020-06-22T14:46:57.325587Z,,,,,d188e440-b2fc-4889-9c8f-ff6377622732,VMD,us_equity,105,0,,,limit,limit,sell,day,11.78,,canceled,False,
abc8f9b6-afda-40fb-9149-b19395349d13,b76f2bce-aef0-49e4-9ce4-cc3cf8ba212d,2020-06-22T14:46:50.398442Z,2020-06-22T14:46:51.325463Z,2020-06-22T14:46:50.39478Z,,,2020-06-22T14:46:51.316609Z,,,,,d188e440-b2fc-4889-9c8f-ff6377622732,VMD,us_equity,105,0,,,limit,limit,sell,day,11.79,,canceled,False,
3c1dfc58-1367-4d2d-aad8-7f6081104ae3,86da6ebf-4c94-4c7b-b237-432ab5197638,2020-06-22T14:44:54.329125Z,2020-06-22T14:44:56.218012Z,2020-06-22T14:44:54.323851Z,,,2020-06-22T14:44:56.208128Z,,,,,d188e440-b2fc-4889-9c8f-ff6377622732,VMD,us_equity,105,0,,,limit,limit,sell,day,11.8,,canceled,False,
9c30d43e-5e58-44c9-9dd9-3b1ee6e54c53,6daea8d2-4590-40fc-8de9-94a1d2bd2800,2020-06-22T14:44:49.196382Z,2020-06-22T14:44:51.187106Z,2020-06-22T14:44:49.193123Z,,,2020-06-22T14:44:51.178992Z,,,,,d188e440-b2fc-4889-9c8f-ff6377622732,VMD,us_equity,105,0,,,limit,limit,sell,day,11.8,,canceled,False,
35164265-e78a-41a0-8845-c52f88bb1b67,fa09c381-42ca-4da7-bdc6-c67f9a701ff6,2020-06-22T14:44:23.783522Z,2020-06-22T14:44:24.352605Z,2020-06-22T14:44:23.776449Z,,,2020-06-22T14:44:24.313034Z,,,,,d188e440-b2fc-4889-9c8f-ff6377622732,VMD,us_equity,105,0,,,limit,limit,sell,day,11.81,,canceled,False,
508d65ad-6047-4179-bca5-8b7efd4fd414,4b6cb3fd-9807-4e5a-8144-a53f25252d3d,2020-06-22T14:40:24.578262Z,2020-06-22T14:40:24.793592Z,2020-06-22T14:40:24.575455Z,2020-06-22T14:40:24.75741Z,,,,,,,3dc67a93-cf3b-4dd5-92bc-681dd62390c0,NAVB,us_equity,294,294,3.97,,limit,limit,sell,day,3.97,,filled,False,
b712be43-8df8-4d78-b2dd-fd0244397faf,89ce7d15-dd7f-4507-a530-ef5aa3870c88,2020-06-22T14:35:28.772894Z,2020-06-22T14:35:28.899221Z,2020-06-22T14:35:28.769054Z,2020-06-22T14:35:28.892661Z,,,,,,,c67c1178-5dc2-4070-9008-a5eab03aae0b,EBR,us_equity,208,208,5.98,,limit,limit,sell,day,5.98,,filled,False,
b71855c2-2c10-479f-9d56-5d36f2a6d16a,cbac11cc-539f-4668-883b-9dac22240a77,2020-06-22T14:33:44.245494Z,2020-06-22T14:37:59.449228Z,2020-06-22T14:33:44.241118Z,,,2020-06-22T14:37:59.419666Z,,,,,3dc67a93-cf3b-4dd5-92bc-681dd62390c0,NAVB,us_equity,294,0,,,limit,limit,sell,day,4.02,,canceled,False,
86910017-7adc-4fdb-a893-e25856696084,927dd9f4-0d0f-4ae8-a196-87c99a75b044,2020-06-22T14:32:54.384237Z,2020-06-22T14:32:54.593393Z,2020-06-22T14:32:54.381246Z,2020-06-22T14:32:54.58327Z,,,,,,,76b615bb-4a70-44f0-b330-9524a0b05aec,KGC,us_equity,181,181,6.88,,limit,limit,sell,day,6.88,,filled,False,
c96b3fe3-c2cf-4cb9-9366-7e8606183213,d917d88b-4e27-45a1-873a-fd502f48b7d6,2020-06-22T14:32:09.732102Z,2020-06-22T14:32:09.839692Z,2020-06-22T14:32:09.717726Z,2020-06-22T14:32:09.831164Z,,,,,,,29faa337-6cbb-4514-8e00-3de370427545,FCAU,us_equity,128,128,9.66,,limit,limit,sell,day,9.66,,filled,False,
cf10ef68-c74f-4a68-8601-5e343f68cafd,2fd33cc3-f7e3-4944-8d4e-97273728d420,2020-06-22T14:32:08.604037Z,2020-06-22T14:32:08.860703Z,2020-06-22T14:32:08.595449Z,2020-06-22T14:32:08.846835Z,,,,,,,e2a66ce3-b8dd-4adc-bbe0-f2c80aa21134,AXU,us_equity,584,584,2.09,,limit,limit,sell,day,2.08,,filled,False,
426ce7fe-c174-4f97-8c92-720a3d71f6e4,334c361e-61dd-4f41-b754-b014f1755fd1,2020-06-22T14:32:07.256249Z,2020-06-22T14:32:07.5767Z,2020-06-22T14:32:07.243525Z,2020-06-22T14:32:07.567116Z,,,,,,,e28ec789-49d8-4bab-a55d-518762ded803,IDEX,us_equity,403,403,3.1,,limit,limit,sell,day,3.1,,filled,False,
93bf405e-9b10-4b65-80d3-56e62e116fcf,ec3c376f-cdb6-42e7-9158-f29dcf6cf29e,2020-06-22T14:31:56.294174Z,2020-06-22T14:33:13.169648Z,2020-06-22T14:31:56.288636Z,2020-06-22T14:33:13.141431Z,,,,,,,50f58fea-0575-4717-9af7-74afb8ec74da,REV,us_equity,113,113,10.7,,limit,limit,sell,day,10.7,,filled,False,
78111009-c510-4a3d-93c5-fbd13bd7a955,ef59b5af-76b2-4303-b646-eac00f0f133d,2020-06-22T14:31:53.817698Z,2020-06-22T14:31:53.975422Z,2020-06-22T14:31:53.813901Z,,,2020-06-22T14:31:53.940549Z,,,,,50f58fea-0575-4717-9af7-74afb8ec74da,REV,us_equity,113,0,,,limit,limit,sell,day,10.73,,canceled,False,
421d9f25-bbfc-4462-9f47-5531df42956d,75d1019c-716f-454d-89d5-2a8a7f5025d4,2020-06-22T14:31:52.69677Z,2020-06-22T14:31:52.955284Z,2020-06-22T14:31:52.69359Z,2020-06-22T14:31:52.911679Z,,,,,,,b93c37d4-b4b6-472a-9e64-966bfe39aa24,HL,us_equity,396,396,3.07,,limit,limit,sell,day,3.07,,filled,False,
14c975f0-f207-4ff8-ada1-ec29b6313eed,687e66dc-95b2-4244-8f67-d3a866b90ba9,2020-06-22T14:31:42.4147Z,2020-06-22T14:31:43.133848Z,2020-06-22T14:31:42.407303Z,2020-06-22T14:31:43.107257Z,,,,,,,b638bfcc-44c7-4341-946d-0a7d8f3a7a7b,HMY,us_equity,361,361,3.38,,limit,limit,sell,day,3.38,,filled,False,
fe8f7dbd-0063-4064-b29a-9385c0f30edd,caba2e5d-1a05-4074-b0da-ea29a5d0bf58,2020-06-22T14:31:41.172399Z,2020-06-22T14:31:41.371233Z,2020-06-22T14:31:41.160435Z,2020-06-22T14:31:41.341213Z,,,,,,,c86d4aea-b196-4ac3-bb4f-75e09872745d,SILV,us_equity,142,142,8.69,,limit,limit,sell,day,8.69,,filled,False,
2fda0846-75de-4ded-be5d-7ff2ebd2332b,791837fa-288b-44e8-9c8a-ebfdaaef7a02,2020-06-22T14:31:38.862339Z,2020-06-22T14:31:38.95017Z,2020-06-22T14:31:38.858741Z,2020-06-22T14:31:38.937686Z,,,,,,,1081b8d5-5310-4f97-978d-252d495aa8c3,ODP,us_equity,502,502,2.46,,limit,limit,sell,day,2.46,,filled,False,
afef115a-dd23-420a-827f-02fa8702dc99,c4332e41-b5c1-4606-847c-5237a127ad6e,2020-06-22T14:31:37.763306Z,2020-06-22T14:31:37.957746Z,2020-06-22T14:31:37.758194Z,2020-06-22T14:31:37.946678Z,,,,,,,74f7cda3-433d-4597-bf2c-b6e7782133d6,CDE,us_equity,247,247,4.86,,limit,limit,sell,day,4.86,,filled,False,
e22e3460-b7e5-46aa-a2a3-6e5ad727754e,056f2e02-191b-435c-b378-35411dc6d9f8,2020-06-22T14:31:36.435814Z,2020-06-22T14:31:36.643943Z,2020-06-22T14:31:36.43017Z,2020-06-22T14:31:36.60562Z,,,,,,,9b0388be-589f-4912-81a2-dbf6c83be1ee,FSM,us_equity,264,264,4.58,,limit,limit,sell,day,4.58,,filled,False,
8e11da58-847f-4e6e-a789-92b095448102,f052a126-4158-43ab-a851-966a6a0ebb48,2020-06-22T14:31:35.060385Z,2020-06-22T14:31:35.28904Z,2020-06-22T14:31:35.057113Z,2020-06-22T14:31:35.265442Z,,,,,,,1e9bed06-c870-4b66-91b3-ff0c7d145bb9,EGO,us_equity,136,136,9.09,,limit,limit,sell,day,9.09,,filled,False,
375b5bb4-41d8-49c9-9ffe-df936e3ab9f7,beadd38c-d489-4a2d-ad5e-df28a24fefd8,2020-06-22T14:31:33.778186Z,2020-06-22T14:31:33.974798Z,2020-06-22T14:31:33.774346Z,2020-06-22T14:31:33.952432Z,,,,,,,67707692-13bd-4864-b5a4-1aea9d1db387,MLSS,us_equity,416,416,2.88,,limit,limit,sell,day,2.88,,filled,False,
f7c9a941-47fa-4ca5-b0f5-377da44f3701,525740fe-b8c9-4e52-808c-fe688990a964,2020-06-22T14:31:32.391838Z,2020-06-22T14:31:32.813119Z,2020-06-22T14:31:32.384835Z,,,2020-06-22T14:31:32.773676Z,,,,,9b0388be-589f-4912-81a2-dbf6c83be1ee,FSM,us_equity,264,0,,,limit,limit,sell,day,4.59,,canceled,False,
fbdf2a28-e124-4e60-b147-a1719fe5304c,4be7e856-2339-4e56-9958-5337e7c8accd,2020-06-22T14:31:31.047481Z,2020-06-22T14:31:32.603664Z,2020-06-22T14:31:31.041461Z,,,2020-06-22T14:31:32.581684Z,,,,,c86d4aea-b196-4ac3-bb4f-75e09872745d,SILV,us_equity,142,0,,,limit,limit,sell,day,8.7,,canceled,False,
466b9b14-8fca-4993-8994-880e17805a5d,4d1e80c2-a56c-45b1-91ab-039ae6cff671,2020-06-22T14:31:29.872114Z,2020-06-22T14:31:30.044353Z,2020-06-22T14:31:29.869154Z,2020-06-22T14:31:29.991865Z,,,,,,,a2066a09-3c46-4b9c-969a-0a8c62c38080,RIOT,us_equity,555,555,2.19,,limit,limit,sell,day,2.19,,filled,False,
eda31f15-982e-4dce-b5b0-a87d50ac68c2,c3af4b3b-89f2-4dbb-9c64-863377ac5bc3,2020-06-22T14:31:28.712515Z,2020-06-22T14:31:32.626978Z,2020-06-22T14:31:28.709123Z,,,2020-06-22T14:31:32.586515Z,,,,,b93c37d4-b4b6-472a-9e64-966bfe39aa24,HL,us_equity,396,0,,,limit,limit,sell,day,3.08,,canceled,False,
1d3509d2-b2ae-4add-8211-dcf8fba67b4e,8057606d-1a16-4226-b13b-2a793fff4c14,2020-06-22T14:31:27.190512Z,2020-06-22T14:31:32.666802Z,2020-06-22T14:31:27.185596Z,,,2020-06-22T14:31:32.591601Z,,,,,74f7cda3-433d-4597-bf2c-b6e7782133d6,CDE,us_equity,247,0,,,limit,limit,sell,day,4.87,,canceled,False,
8448c64f-c10f-4a5c-ad30-df4f3def2d5c,e30ea2cc-186c-4b01-886f-778663e30ae9,2020-06-22T14:31:26.00394Z,2020-06-22T14:31:26.303879Z,2020-06-22T14:31:25.996809Z,2020-06-22T14:31:26.275876Z,,,,,,,97446bb1-864a-491c-bb61-0028688e97bd,GFI,us_equity,143,143,8.52,,limit,limit,sell,day,8.52,,filled,False,
7e24972c-1cd9-49bb-9919-0f2c5f4d7275,425d3cab-60c9-4bc7-9c4d-af8bd4cb3d15,2020-06-22T14:31:24.825331Z,2020-06-22T14:31:27.422632Z,2020-06-22T14:31:24.821242Z,,,2020-06-22T14:31:27.400743Z,,,,,b638bfcc-44c7-4341-946d-0a7d8f3a7a7b,HMY,us_equity,361,0,,,limit,limit,sell,day,3.39,,canceled,False,
f55e461c-8b2a-4494-9a49-dced4adde40c,d5759c1a-e644-48c5-bfd0-609f277cf7ce,2020-06-22T14:31:23.489535Z,2020-06-22T14:31:23.958776Z,2020-06-22T14:31:23.485928Z,2020-06-22T14:31:23.950892Z,,,,,,,1228d25f-b143-4ece-a7e5-16744a2c3e70,AVXL,us_equity,29,29,4.98,,limit,limit,sell,day,4.98,,filled,False,
2e1d5f5c-bcea-4899-b8c7-80ce1cb96f73,9aed2e2e-c5fd-4abe-ac56-c66b41f40cd4,2020-06-22T14:31:21.78111Z,2020-06-22T14:31:57.304349Z,2020-06-22T14:31:21.776112Z,,,2020-06-22T14:31:57.278557Z,,,,,e2a66ce3-b8dd-4adc-bbe0-f2c80aa21134,AXU,us_equity,584,0,,,limit,limit,sell,day,2.1,,canceled,False,
5e533ba3-5149-4ee0-9cdb-a4391aa42666,2ede80ff-7526-46f7-b106-1ef3ef804f74,2020-06-22T14:31:19.950915Z,2020-06-22T14:31:20.243249Z,2020-06-22T14:31:19.945984Z,,,2020-06-22T14:31:20.234831Z,,,,,c86d4aea-b196-4ac3-bb4f-75e09872745d,SILV,us_equity,142,0,,,limit,limit,sell,day,8.72,,canceled,False,
7b72eb8d-bc23-4f37-aa3f-e1501a397d66,046929c4-7cca-4d8d-9540-06387a55d67d,2020-06-22T14:31:18.633491Z,2020-06-22T14:31:23.297327Z,2020-06-22T14:31:18.63013Z,2020-06-22T14:31:23.288345Z,,,,,,,36913529-0b3c-4349-8360-e266720c49a2,AG,us_equity,133,133,9.11,,limit,limit,sell,day,9.11,,filled,False,
f1621e9c-d13b-43e9-92f7-9999accb62dc,76d51c7a-60dc-46d7-a85f-dbdf261e6369,2020-06-22T14:31:16.970192Z,2020-06-22T14:31:17.226682Z,2020-06-22T14:31:16.945245Z,,,2020-06-22T14:31:17.203605Z,,,,,9b0388be-589f-4912-81a2-dbf6c83be1ee,FSM,us_equity,264,0,,,limit,limit,sell,day,4.6,,canceled,False,
bab4a5a4-5a47-4b20-9f6e-bd09e458d404,7de33ec5-85a8-4619-9b97-97b190d4a041,2020-06-22T14:31:15.474492Z,2020-06-22T14:31:20.115241Z,2020-06-22T14:31:15.469047Z,,,2020-06-22T14:31:20.049351Z,,,,,b638bfcc-44c7-4341-946d-0a7d8f3a7a7b,HMY,us_equity,361,0,,,limit,limit,sell,day,3.39,,canceled,False,
d6da7aa5-bdea-4be3-88ea-049ba1637589,f98aca38-bb7c-46e9-82b6-5d3438103de0,2020-06-22T14:31:14.259784Z,2020-06-22T14:31:15.603533Z,2020-06-22T14:31:14.239201Z,,,2020-06-22T14:31:15.570214Z,,,,,74f7cda3-433d-4597-bf2c-b6e7782133d6,CDE,us_equity,247,0,,,limit,limit,sell,day,4.88,,canceled,False,
d14277bb-5ac3-43d1-a1d0-86f953970452,e6b4157a-7474-4789-b998-e7f6178a6b96,2020-06-22T14:31:12.804321Z,2020-06-22T14:31:20.135786Z,2020-06-22T14:31:12.800651Z,,,2020-06-22T14:31:20.054739Z,,,,,1e9bed06-c870-4b66-91b3-ff0c7d145bb9,EGO,us_equity,136,0,,,limit,limit,sell,day,9.11,,canceled,False,
8e94c24c-5cf4-4d06-ac5d-0cc342c1470e,17b72cf4-01ad-413f-9015-47ffd5465182,2020-06-22T14:31:11.683373Z,2020-06-22T14:31:18.805924Z,2020-06-22T14:31:11.677668Z,,,2020-06-22T14:31:18.72734Z,,,,,97446bb1-864a-491c-bb61-0028688e97bd,GFI,us_equity,143,0,,,limit,limit,sell,day,8.53,,canceled,False,
796e19cd-f198-48a4-98b0-2c3ecec8db8d,15ccbe9b-b57d-438a-92d8-190e0b6563fd,2020-06-22T14:31:10.600486Z,2020-06-22T14:31:13.148439Z,2020-06-22T14:31:10.596033Z,,,2020-06-22T14:31:13.101776Z,,,,,b93c37d4-b4b6-472a-9e64-966bfe39aa24,HL,us_equity,396,0,,,limit,limit,sell,day,3.08,,canceled,False,
e31e152f-2856-44d3-b386-55b992e1ac54,eb7fb644-960d-47cd-8355-1c4722efc496,2020-06-22T14:31:09.50981Z,2020-06-22T14:31:09.7855Z,2020-06-22T14:31:09.501567Z,2020-06-22T14:31:09.769306Z,,,,,,,d588220d-58a3-440b-9649-66d95ea9e953,SBS,us_equity,109,109,11.41,,limit,limit,sell,day,11.41,,filled,False,
dfa0059a-3390-4743-b2a6-3c55411e8dc2,0307df2f-2c7f-418c-889e-1344d91f9e2a,2020-06-22T14:31:08.313685Z,2020-06-22T14:31:08.517289Z,2020-06-22T14:31:08.308464Z,2020-06-22T14:31:08.486411Z,,,,,,,9e4ef521-d808-4471-b5a5-b3abd456a1f2,GPS,us_equity,108,108,11.37,,limit,limit,sell,day,11.37,,filled,False,
efe2cefe-a745-4d2c-a1f7-c571cbccbd21,54108db9-4111-49b1-b825-a56875f5a597,2020-06-22T14:31:07.107652Z,2020-06-22T14:31:07.49151Z,2020-06-22T14:31:07.099146Z,2020-06-22T14:31:07.42524Z,,,,,,,1abb3fb5-2390-4036-9ced-a1e7eebe75eb,SINT,us_equity,405,405,2.32,,limit,limit,sell,day,2.31,,filled,False,
512db3e4-8dae-438e-9267-00da7e1dc92b,21916e10-182c-4f57-9df7-dcfd4e7f9557,2020-06-22T13:59:44.341724Z,2020-06-22T13:59:57.610383Z,2020-06-22T13:59:44.319249Z,2020-06-22T13:59:57.584086Z,,,,,,,2ebca25c-c3c3-47fd-b703-8b197574c929,FPRX,us_equity,1,1,5.12,,limit,limit,buy,day,5.12,,filled,False,
e8e824bf-78fc-4688-88fc-ab04dc4d738d,6a2e758a-d205-4c13-8986-9d6bcda8955b,2020-06-22T13:59:23.066309Z,2020-06-22T13:59:26.26755Z,2020-06-22T13:59:23.035009Z,,,2020-06-22T13:59:26.257407Z,,,,,2ebca25c-c3c3-47fd-b703-8b197574c929,FPRX,us_equity,1,0,,,limit,limit,buy,day,5.11,,canceled,False,
60bc20a2-a034-48d8-ba3b-78b62a06967a,c8a29282-22b5-4aad-a2dd-2ac51d2b80ae,2020-06-22T13:59:21.470478Z,2020-06-22T13:59:21.56809Z,2020-06-22T13:59:21.449434Z,2020-06-22T13:59:21.558048Z,,,,,,,1228d25f-b143-4ece-a7e5-16744a2c3e70,AVXL,us_equity,29,29,5.16,,limit,limit,buy,day,5.16,,filled,False,
adeecdf5-336c-4c73-8797-30f5f97495a1,add76d64-90c4-4ff8-a630-ab28ddf31163,2020-06-22T13:59:17.169246Z,2020-06-22T13:59:19.261729Z,2020-06-22T13:59:17.138811Z,,,2020-06-22T13:59:19.241168Z,,,,,1228d25f-b143-4ece-a7e5-16744a2c3e70,AVXL,us_equity,29,0,,,limit,limit,buy,day,5.13,,canceled,False,
2f060ae2-6dab-4759-8df1-906c7d60b2f9,654dd302-d66c-488c-9f0f-13519de3eac6,2020-06-22T13:59:15.314653Z,2020-06-22T13:59:19.243351Z,2020-06-22T13:59:15.295727Z,,,2020-06-22T13:59:19.217239Z,,,,,2ebca25c-c3c3-47fd-b703-8b197574c929,FPRX,us_equity,29,0,,,limit,limit,buy,day,5.11,,canceled,False,
d564ae62-37c6-4946-8481-d627d4959323,0690201d-1293-4fa0-89e7-69dc40579e2f,2020-06-22T13:59:07.655878Z,2020-06-22T13:59:08.241662Z,2020-06-22T13:59:07.623036Z,2020-06-22T13:59:08.22649Z,,,,,,,d588220d-58a3-440b-9649-66d95ea9e953,SBS,us_equity,109,109,11.43,,limit,limit,buy,day,11.43,,filled,False,
2fd15ab9-49ff-4786-86ea-260c1b3e7c19,a4fbf064-c9bc-4368-aa5b-e62575c3adf9,2020-06-22T13:59:06.486891Z,2020-06-22T13:59:08.15334Z,2020-06-22T13:59:06.445256Z,,,2020-06-22T13:59:08.140193Z,,,,,2ebca25c-c3c3-47fd-b703-8b197574c929,FPRX,us_equity,247,0,,,limit,limit,buy,day,5.06,,canceled,False,
62215dde-afaf-4f6f-8fe9-4cc94b4265b8,bd5a022c-6219-45f6-ba4c-ae28328c3063,2020-06-22T13:59:04.367863Z,2020-06-22T13:59:04.682882Z,2020-06-22T13:59:04.252187Z,,,2020-06-22T13:59:04.634095Z,,,,,2ebca25c-c3c3-47fd-b703-8b197574c929,FPRX,us_equity,247,0,,,limit,limit,buy,day,5.06,,canceled,False,
2a930114-7b92-44f9-8c41-7f3c86aa84a4,96669e18-8742-494d-be90-699b2c76eae4,2020-06-22T13:58:54.197858Z,2020-06-22T13:58:59.169624Z,2020-06-22T13:58:54.178267Z,,,2020-06-22T13:58:59.154923Z,,,,,2ebca25c-c3c3-47fd-b703-8b197574c929,FPRX,us_equity,249,0,,,limit,limit,buy,day,5.02,,canceled,False,
39e3c10a-7d3f-485d-ad1e-61cc1a036d94,a7cb8abb-2b11-41f2-9724-aecda5d539d2,2020-06-22T13:58:31.182092Z,2020-06-22T13:58:36.258079Z,2020-06-22T13:58:31.158601Z,,,2020-06-22T13:58:36.236479Z,,,,,1228d25f-b143-4ece-a7e5-16744a2c3e70,AVXL,us_equity,243,0,,,limit,limit,buy,day,5.13,,canceled,False,
728ac894-1809-417f-be88-32d4561bbec4,3aef9935-2296-43a1-8add-767403046075,2020-06-22T13:58:26.377806Z,2020-06-22T13:58:26.562079Z,2020-06-22T13:58:26.337658Z,,,2020-06-22T13:58:26.53329Z,,,,,1228d25f-b143-4ece-a7e5-16744a2c3e70,AVXL,us_equity,243,0,,,limit,limit,buy,day,5.13,,canceled,False,
7a8d1829-e40b-4eff-bc3f-9bc21cb9f9bb,915f4d67-2217-4591-a263-b1e726baad1c,2020-06-22T13:58:17.697483Z,2020-06-22T13:58:50.239178Z,2020-06-22T13:58:17.636584Z,,,2020-06-22T13:58:50.230555Z,,,,,2ebca25c-c3c3-47fd-b703-8b197574c929,FPRX,us_equity,248,0,,,limit,limit,buy,day,5.03,,canceled,False,
7006d99b-b308-49a5-9260-e1e4d9704875,862ae98e-e820-44af-967c-43a7f257c39c,2020-06-22T13:58:13.306979Z,2020-06-22T13:58:19.140634Z,2020-06-22T13:58:13.244317Z,,,2020-06-22T13:58:19.11947Z,,,,,1228d25f-b143-4ece-a7e5-16744a2c3e70,AVXL,us_equity,243,0,,,limit,limit,buy,day,5.13,,canceled,False,
19975d18-86e0-4270-a1f9-de9a877b004a,2d6f0044-2fdd-4e61-b774-0325054119bb,2020-06-22T13:58:05.547414Z,2020-06-22T13:58:28.721597Z,2020-06-22T13:58:05.515589Z,2020-06-22T13:58:28.698834Z,,,,,,,d188e440-b2fc-4889-9c8f-ff6377622732,VMD,us_equity,105,105,11.83,,limit,limit,buy,day,11.83,,filled,False,
970bbdd6-5603-496c-9e44-ec74067c43ab,56c07d65-e909-43a2-9a38-62a58b32a28c,2020-06-22T13:58:04.375561Z,2020-06-22T13:58:04.624429Z,2020-06-22T13:58:04.345122Z,2020-06-22T13:58:04.605387Z,,,,,,,29faa337-6cbb-4514-8e00-3de370427545,FCAU,us_equity,128,128,9.73,,limit,limit,buy,day,9.73,,filled,False,
3c091e3a-70be-423a-8e98-34a2c3bdf9bb,a1f0d641-5362-487e-aeeb-f8cbf62b5a92,2020-06-22T13:57:42.395458Z,2020-06-22T13:57:42.562961Z,2020-06-22T13:57:42.366144Z,2020-06-22T13:57:42.53913Z,,,,,,,8dd45eba-7b1b-48ef-b37e-8a9f4f520f64,BSBR,us_equity,209,209,5.98,,limit,limit,buy,day,5.98,,filled,False,
963d0313-681a-45d5-8a04-26a6068c131b,e8f80b83-8bd9-47f6-92c0-071e8607f721,2020-06-22T13:57:37.182816Z,2020-06-22T13:57:48.374599Z,2020-06-22T13:57:37.152204Z,,,2020-06-22T13:57:48.354374Z,,,,,29faa337-6cbb-4514-8e00-3de370427545,FCAU,us_equity,128,0,,,limit,limit,buy,day,9.72,,canceled,False,
d3855a3f-66ac-4389-a802-f0d45bb487be,6446d0d4-4758-4dc1-85c5-9b5d2a359944,2020-06-22T13:57:35.342754Z,2020-06-22T13:57:35.528832Z,2020-06-22T13:57:35.322237Z,,,2020-06-22T13:57:35.514902Z,,,,,29faa337-6cbb-4514-8e00-3de370427545,FCAU,us_equity,128,0,,,limit,limit,buy,day,9.72,,canceled,False,
28a3c6be-0f59-408b-9ac1-efe1fbf0b23e,3ee2e054-d80c-4631-906f-23da015f6ed9,2020-06-22T13:57:34.149494Z,2020-06-22T13:57:55.231342Z,2020-06-22T13:57:34.130099Z,,,2020-06-22T13:57:55.221975Z,,,,,2ebca25c-c3c3-47fd-b703-8b197574c929,FPRX,us_equity,250,0,,,limit,limit,buy,day,5,,canceled,False,
a70a1060-f2fc-4ebd-8d1f-146a86399874,acfb57f0-6fd2-4293-aca3-ffead47dfa4a,2020-06-22T13:57:22.305965Z,2020-06-22T13:57:49.341401Z,2020-06-22T13:57:22.283784Z,,,2020-06-22T13:57:49.327831Z,,,,,d188e440-b2fc-4889-9c8f-ff6377622732,VMD,us_equity,105,0,,,limit,limit,buy,day,11.83,,canceled,False,
877de57e-54e6-4bb0-b5ac-699174ea14e2,0c41bbde-3865-4746-953e-7bce5935dcda,2020-06-22T13:57:19.202226Z,2020-06-22T13:57:29.195636Z,2020-06-22T13:57:19.180612Z,,,2020-06-22T13:57:29.174791Z,,,,,2ebca25c-c3c3-47fd-b703-8b197574c929,FPRX,us_equity,250,0,,,limit,limit,buy,day,4.99,,canceled,False,
47287d65-f8c7-459f-8b9d-695f042fd946,d8c5a7d9-a8b5-4df9-9ddc-3eb41728bb5d,2020-06-22T13:57:17.207881Z,2020-06-22T13:57:17.510975Z,2020-06-22T13:57:17.180619Z,2020-06-22T13:57:17.464403Z,,,,,,,c67c1178-5dc2-4070-9008-a5eab03aae0b,EBR,us_equity,208,208,6,,limit,limit,buy,day,6,,filled,False,
303b3cf1-1908-4a04-bae6-2dcec93bb2dc,7c6f1676-ed0f-49a0-bf4a-38021f9c9f0c,2020-06-22T13:57:13.422355Z,2020-06-22T13:57:14.216472Z,2020-06-22T13:57:13.404968Z,,,2020-06-22T13:57:14.183348Z,,,,,2ebca25c-c3c3-47fd-b703-8b197574c929,FPRX,us_equity,250,0,,,limit,limit,buy,day,5,,canceled,False,
1f1ac3fe-4481-430b-96c7-83f12312e711,a7d371b7-0986-4aa1-aa51-99ac6b428e5c,2020-06-22T13:56:53.191552Z,2020-06-22T13:56:53.401478Z,2020-06-22T13:56:53.172021Z,2020-06-22T13:56:53.388857Z,,,,,,,994d434c-274b-47f2-a444-bdbed39c9fa7,ATOS,us_equity,360,360,3.47,,limit,limit,buy,day,3.47,,filled,False,
9e6431b9-f2c1-44f0-a5b9-01fb6fdb4739,94ad7afc-de4b-427f-b884-790b03a0716b,2020-06-22T13:56:45.343391Z,2020-06-22T13:56:48.29938Z,2020-06-22T13:56:45.317232Z,,,2020-06-22T13:56:48.289756Z,,,,,994d434c-274b-47f2-a444-bdbed39c9fa7,ATOS,us_equity,362,0,,,limit,limit,buy,day,3.45,,canceled,False,
9ef34dbe-22eb-4a0a-a28d-f5530b6d045e,b791a8ff-4117-4adc-ad9b-e4531338efef,2020-06-22T13:56:38.227127Z,2020-06-22T13:59:33.320353Z,2020-06-22T13:56:38.20767Z,,,2020-06-22T13:59:33.286528Z,,,,,c3b59e64-a696-49d2-85b6-a6b819773ef0,OBCI,us_equity,133,0,,,limit,limit,buy,day,9.37,,canceled,False,
a9a0d2a3-a4da-44aa-94fd-210a54b5a93c,9d9df9a7-6ca0-45ca-8924-3986f631ad29,2020-06-22T13:56:28.216406Z,2020-06-22T13:56:34.169224Z,2020-06-22T13:56:28.148255Z,,,2020-06-22T13:56:34.147338Z,,,,,c3b59e64-a696-49d2-85b6-a6b819773ef0,OBCI,us_equity,133,0,,,limit,limit,buy,day,9.36,,canceled,False,
a6c43e32-16fd-4433-a3ff-6f70bae68248,868438ff-50e5-41fc-a836-cf173e1e534f,2020-06-22T13:56:00.213562Z,2020-06-22T13:56:24.28492Z,2020-06-22T13:56:00.195111Z,,,2020-06-22T13:56:24.270906Z,,,,,994d434c-274b-47f2-a444-bdbed39c9fa7,ATOS,us_equity,363,0,,,limit,limit,buy,day,3.44,,canceled,False,
c7e24d98-e4d3-44a6-b652-8d83d06e19f2,e922752d-9d9c-42f3-81d1-8b8b6e51cfaa,2020-06-22T13:55:34.589594Z,2020-06-22T13:55:34.770345Z,2020-06-22T13:55:34.572988Z,2020-06-22T13:55:34.734205Z,,,,,,,e28ec789-49d8-4bab-a55d-518762ded803,IDEX,us_equity,403,403,3.09,,limit,limit,buy,day,3.1,,filled,False,
248b827d-7c67-4508-bf69-ff423cacc89a,865c1626-26c2-4d88-a459-fd364d358d75,2020-06-22T13:55:32.289525Z,2020-06-22T13:55:32.431958Z,2020-06-22T13:55:32.270136Z,,,2020-06-22T13:55:32.403305Z,,,,,e28ec789-49d8-4bab-a55d-518762ded803,IDEX,us_equity,405,0,,,limit,limit,buy,day,3.08,,canceled,False,
1e452029-c6d9-4660-9a0b-c7b96df5ef71,79f042d3-6d8c-4b1a-8edb-6b18fabc72f0,2020-06-22T13:55:30.23249Z,2020-06-22T13:55:30.474498Z,2020-06-22T13:55:30.21495Z,,,2020-06-22T13:55:30.430863Z,,,,,e28ec789-49d8-4bab-a55d-518762ded803,IDEX,us_equity,407,0,,,limit,limit,buy,day,3.07,,canceled,False,
a62d29c4-898f-452f-9e18-fab3e630b2f6,fb077d64-69b4-417f-b8d6-cff816ae8972,2020-06-22T13:55:28.332974Z,2020-06-22T13:55:28.550665Z,2020-06-22T13:55:28.315074Z,,,2020-06-22T13:55:28.535855Z,,,,,e28ec789-49d8-4bab-a55d-518762ded803,IDEX,us_equity,408,0,,,limit,limit,buy,day,3.06,,canceled,False,
5053ce9a-646e-44c7-a601-1c847284f43a,9f34e96c-6de5-4f15-82bc-ba34db9a503a,2020-06-22T13:55:26.246327Z,2020-06-22T13:55:26.429484Z,2020-06-22T13:55:26.224377Z,,,2020-06-22T13:55:26.4078Z,,,,,e28ec789-49d8-4bab-a55d-518762ded803,IDEX,us_equity,409,0,,,limit,limit,buy,day,3.05,,canceled,False,
72e3cb5f-f84b-42ec-8fc6-b2f1763a7c12,e01807cc-055a-4c8f-9fb2-081311e3a937,2020-06-22T13:55:24.380617Z,2020-06-22T13:55:24.585426Z,2020-06-22T13:55:24.356548Z,2020-06-22T13:55:24.57362Z,,,,,,,d6753bb8-2446-4da3-a422-165446e95f19,SY,us_equity,105,105,11.84,,limit,limit,buy,day,11.84,,filled,False,
58faf0cf-c81e-43fb-aefa-437223de60ff,5bebab2b-746a-40c3-9d1d-f6a2498a1f8d,2020-06-22T13:55:23.23793Z,2020-06-22T13:55:23.446613Z,2020-06-22T13:55:23.21887Z,,,2020-06-22T13:55:23.404195Z,,,,,e28ec789-49d8-4bab-a55d-518762ded803,IDEX,us_equity,408,0,,,limit,limit,buy,day,3.06,,canceled,False,
e402e54c-35a1-4b44-8942-2df99b71d52b,e8c102a7-d7bb-46af-a447-9c202b13b1bb,2020-06-22T13:55:21.464431Z,2020-06-22T13:55:21.723354Z,2020-06-22T13:55:21.441653Z,,,2020-06-22T13:55:21.695694Z,,,,,e28ec789-49d8-4bab-a55d-518762ded803,IDEX,us_equity,409,0,,,limit,limit,buy,day,3.05,,canceled,False,
fc87399a-4188-4769-ad68-38c7d566c484,62082044-fe26-4669-9f68-7b720ece05cf,2020-06-22T13:55:19.212087Z,2020-06-22T13:55:19.372778Z,2020-06-22T13:55:19.197627Z,,,2020-06-22T13:55:19.316253Z,,,,,e28ec789-49d8-4bab-a55d-518762ded803,IDEX,us_equity,408,0,,,limit,limit,buy,day,3.06,,canceled,False,
d35da7a3-315f-4eb5-b39b-f9188ed1f6cf,e5f13f1c-e81d-4f8c-b7cd-cc1b4f8ffc2b,2020-06-22T13:55:17.083661Z,2020-06-22T13:55:17.380855Z,2020-06-22T13:55:17.065324Z,,,2020-06-22T13:55:17.354165Z,,,,,e28ec789-49d8-4bab-a55d-518762ded803,IDEX,us_equity,409,0,,,limit,limit,buy,day,3.05,,canceled,False,
14a3adc9-ea0b-4ee2-8805-d2ce142f09c4,773a7a9d-0c1c-49d6-97ec-d540e492106b,2020-06-22T13:55:15.202889Z,2020-06-22T13:55:15.357372Z,2020-06-22T13:55:15.188337Z,,,2020-06-22T13:55:15.328575Z,,,,,e28ec789-49d8-4bab-a55d-518762ded803,IDEX,us_equity,407,0,,,limit,limit,buy,day,3.07,,canceled,False,
6e5699cb-6a4b-4588-ab12-9ffa7a620f81,b75ba3ec-6ddd-477f-a311-68873a97a64d,2020-06-22T13:55:13.211522Z,2020-06-22T13:55:13.46084Z,2020-06-22T13:55:13.180724Z,,,2020-06-22T13:55:13.410601Z,,,,,e28ec789-49d8-4bab-a55d-518762ded803,IDEX,us_equity,406,0,,,limit,limit,buy,day,3.07,,canceled,False,
687fea68-5237-4c59-9304-ee79c2d739a7,f2193477-0dac-4063-afd6-d11a39cdcbf6,2020-06-22T13:55:11.183494Z,2020-06-22T13:55:11.373465Z,2020-06-22T13:55:11.159102Z,,,2020-06-22T13:55:11.345622Z,,,,,e28ec789-49d8-4bab-a55d-518762ded803,IDEX,us_equity,408,0,,,limit,limit,buy,day,3.05,,canceled,False,
d31166f8-c405-450e-af1f-ba561500efad,42031234-d370-4af9-a854-f77f9db206c4,2020-06-22T13:55:09.243472Z,2020-06-22T13:55:09.373192Z,2020-06-22T13:55:09.229106Z,,,2020-06-22T13:55:09.365585Z,,,,,e28ec789-49d8-4bab-a55d-518762ded803,IDEX,us_equity,408,0,,,limit,limit,buy,day,3.06,,canceled,False,
57d332b4-9c50-4789-a159-d28725ed20dc,cfe35cf9-8757-4ddc-bcf3-c3f5d3a2f039,2020-06-22T13:55:07.221318Z,2020-06-22T13:55:07.545763Z,2020-06-22T13:55:07.193229Z,,,2020-06-22T13:55:07.506721Z,,,,,e28ec789-49d8-4bab-a55d-518762ded803,IDEX,us_equity,407,0,,,limit,limit,buy,day,3.06,,canceled,False,
f6af03a8-177d-4ed3-837d-556691f6ad85,85801dda-6f1c-4af4-97c5-47250dbd4c5a,2020-06-22T13:55:05.211857Z,2020-06-22T13:55:05.432798Z,2020-06-22T13:55:05.192097Z,,,2020-06-22T13:55:05.389259Z,,,,,e28ec789-49d8-4bab-a55d-518762ded803,IDEX,us_equity,407,0,,,limit,limit,buy,day,3.07,,canceled,False,
360eefdf-b06a-4322-bf3f-f9d902bff7fb,144a27e9-3115-4188-a179-0dab73a87366,2020-06-22T13:55:03.427008Z,2020-06-22T13:55:03.703148Z,2020-06-22T13:55:03.405397Z,,,2020-06-22T13:55:03.64098Z,,,,,e28ec789-49d8-4bab-a55d-518762ded803,IDEX,us_equity,405,0,,,limit,limit,buy,day,3.07,,canceled,False,
adf096c5-4717-459b-8b55-159b0da9c92f,61d10fe9-3229-46a3-bc06-b570de6f5ff5,2020-06-22T13:55:01.323346Z,2020-06-22T13:55:01.462042Z,2020-06-22T13:55:01.293201Z,,,2020-06-22T13:55:01.432732Z,,,,,e28ec789-49d8-4bab-a55d-518762ded803,IDEX,us_equity,409,0,,,limit,limit,buy,day,3.04,,canceled,False,
9d8fef59-d6b2-443a-9315-1a8f0623d050,addee34e-9aa1-4cc2-9904-49081b04203b,2020-06-22T13:54:27.396517Z,2020-06-22T13:54:27.614432Z,2020-06-22T13:54:27.365224Z,2020-06-22T13:54:27.606141Z,,,,,,,50f58fea-0575-4717-9af7-74afb8ec74da,REV,us_equity,113,113,11.03,,limit,limit,buy,day,11.03,,filled,False,
5baa9895-50dc-4468-86f4-711bacd3daf7,bb33c94f-8782-4aa0-a6d2-31ffccec5301,2020-06-22T13:53:15.247497Z,2020-06-22T13:53:18.001977Z,2020-06-22T13:53:15.225622Z,2020-06-22T13:53:17.958912Z,,,,,,,9b0388be-589f-4912-81a2-dbf6c83be1ee,FSM,us_equity,264,264,4.71,,limit,limit,buy,day,4.71,,filled,False,
b8905af3-c431-483f-b590-32f12aa6feab,8ddb31df-3ead-4e64-b1d3-ec9f813eadd5,2020-06-22T13:53:14.173931Z,2020-06-22T13:53:52.293257Z,2020-06-22T13:53:14.155048Z,,,2020-06-22T13:53:52.283288Z,,,,,c3b59e64-a696-49d2-85b6-a6b819773ef0,OBCI,us_equity,133,0,,,limit,limit,buy,day,9.34,,canceled,False,
dc8c3909-617d-4b36-91ce-e9add041b966,a4f3f1df-37e3-45db-ab67-a915a5a6d659,2020-06-22T13:52:45.258338Z,2020-06-22T13:52:45.443519Z,2020-06-22T13:52:45.244601Z,2020-06-22T13:52:45.395494Z,,,,,,,f60cecf2-26f9-476b-b4e1-ad403be580f2,FRAN,us_equity,287,287,4.34,,limit,limit,buy,day,4.35,,filled,False,
3d29b74f-387f-4065-a4ca-c13ed0b8d53d,2c32cc97-e1dd-4ca7-918e-feeb12b268e7,2020-06-22T13:52:43.326449Z,2020-06-22T13:52:43.456499Z,2020-06-22T13:52:43.310641Z,,,2020-06-22T13:52:43.434491Z,,,,,f60cecf2-26f9-476b-b4e1-ad403be580f2,FRAN,us_equity,287,0,,,limit,limit,buy,day,4.35,,canceled,False,
921ccb52-e42f-420d-a29e-4127123c60cf,e2c1a38b-156b-4a01-9820-eea4fa9fa055,2020-06-22T13:52:40.28138Z,2020-06-22T13:52:40.457087Z,2020-06-22T13:52:40.25142Z,,,2020-06-22T13:52:40.426466Z,,,,,f60cecf2-26f9-476b-b4e1-ad403be580f2,FRAN,us_equity,288,0,,,limit,limit,buy,day,4.32,,canceled,False,
c5882c10-bb52-49b4-90dc-3f94998acf7a,21cefaff-bf91-4252-89b5-5939be6e984a,2020-06-22T13:52:38.226146Z,2020-06-22T13:52:38.440731Z,2020-06-22T13:52:38.210003Z,,,2020-06-22T13:52:38.429282Z,,,,,f60cecf2-26f9-476b-b4e1-ad403be580f2,FRAN,us_equity,288,0,,,limit,limit,buy,day,4.33,,canceled,False,
c27d7653-bac1-4d52-8435-1124d8e88626,c6262f80-29f8-4306-93c1-94630279cec7,2020-06-22T13:52:36.476667Z,2020-06-22T13:52:36.631722Z,2020-06-22T13:52:36.446891Z,,,2020-06-22T13:52:36.613697Z,,,,,f60cecf2-26f9-476b-b4e1-ad403be580f2,FRAN,us_equity,288,0,,,limit,limit,buy,day,4.33,,canceled,False,
1ed47783-9573-4a73-819b-f303224fc322,cd8a3ca6-1ebc-4a58-b76d-a06ed1e3f5a3,2020-06-22T13:52:31.378708Z,2020-06-22T13:52:31.491313Z,2020-06-22T13:52:31.359501Z,2020-06-22T13:52:31.461996Z,,,,,,,8788b3e6-b7be-4416-956f-4b86065b37cb,SAND,us_equity,139,139,8.98,,limit,limit,buy,day,8.99,,filled,False,
f24a3f24-9072-4d9c-a5e0-2edc92ccc62f,2b651dd0-e4de-4bf5-8333-3d71c2d12201,2020-06-22T13:52:29.232401Z,2020-06-22T13:52:30.305727Z,2020-06-22T13:52:29.208653Z,,,2020-06-22T13:52:30.271696Z,,,,,f60cecf2-26f9-476b-b4e1-ad403be580f2,FRAN,us_equity,289,0,,,limit,limit,buy,day,4.32,,canceled,False,
25565b64-c837-424a-8055-4fc5631fa551,2d24daf5-ea1d-4df5-8845-8e4af23797be,2020-06-22T13:52:26.973206Z,2020-06-22T13:52:27.239984Z,2020-06-22T13:52:26.953412Z,,,2020-06-22T13:52:27.217603Z,,,,,8788b3e6-b7be-4416-956f-4b86065b37cb,SAND,us_equity,139,0,,,limit,limit,buy,day,8.98,,canceled,False,
fa725e6f-45d1-4a47-b598-d41c6083f1d9,26ff2931-eb56-48bf-86f2-86649a07da18,2020-06-22T13:52:25.7157Z,2020-06-22T13:52:27.062972Z,2020-06-22T13:52:25.7009Z,,,2020-06-22T13:52:27.04511Z,,,,,f60cecf2-26f9-476b-b4e1-ad403be580f2,FRAN,us_equity,290,0,,,limit,limit,buy,day,4.3,,canceled,False,
38b8ba5a-f325-4f39-a37b-413f985c9693,87c9c970-fe93-44b4-b8e5-8ea7a4dabaec,2020-06-22T13:52:23.266202Z,2020-06-22T13:52:23.514353Z,2020-06-22T13:52:23.242585Z,,,2020-06-22T13:52:23.50226Z,,,,,f60cecf2-26f9-476b-b4e1-ad403be580f2,FRAN,us_equity,294,0,,,limit,limit,buy,day,4.25,,canceled,False,
4314b7b2-d076-4c95-a5d6-a044f71a3ee8,04175271-6616-4344-93c8-66cf1912a18c,2020-06-22T13:52:14.40946Z,2020-06-22T13:52:17.134004Z,2020-06-22T13:52:14.390751Z,,,2020-06-22T13:52:17.111977Z,,,,,f60cecf2-26f9-476b-b4e1-ad403be580f2,FRAN,us_equity,294,0,,,limit,limit,buy,day,4.24,,canceled,False,
e641cb42-c67c-4c99-bd44-aca8db7a17a2,85d086ca-e6fe-4d7d-bedc-9262c025682b,2020-06-22T13:52:07.21026Z,2020-06-22T13:52:07.416062Z,2020-06-22T13:52:07.192844Z,,,2020-06-22T13:52:07.377145Z,,,,,f60cecf2-26f9-476b-b4e1-ad403be580f2,FRAN,us_equity,294,0,,,limit,limit,buy,day,4.25,,canceled,False,
d01da8c7-1d2b-494d-bf48-c734d8dd6eac,1c00d018-7dc3-4474-858e-840073f275e1,2020-06-22T13:51:14.400314Z,2020-06-22T13:51:22.221943Z,2020-06-22T13:51:14.385579Z,,,2020-06-22T13:51:22.200499Z,,,,,c3b59e64-a696-49d2-85b6-a6b819773ef0,OBCI,us_equity,133,0,,,limit,limit,buy,day,9.33,,canceled,False,
beca0d8a-e520-4dd8-ac7e-7f48b3ca1dd7,6a682cea-f08a-4a89-ab75-c2c747d0e4b4,2020-06-22T13:51:01.407835Z,2020-06-22T13:51:01.773531Z,2020-06-22T13:51:01.34814Z,2020-06-22T13:51:01.760356Z,,,,,,,ede37bf9-fccb-4653-8bf0-118ff53d05a4,NK,us_equity,128,128,9.74,,limit,limit,buy,day,9.75,,filled,False,
51707425-80ae-40ca-b157-00f38ae598b4,65d3d5f5-0abc-4e3a-86c1-0e5776bfd889,2020-06-22T13:50:58.290811Z,2020-06-22T13:51:01.6129Z,2020-06-22T13:50:58.269004Z,,,2020-06-22T13:51:01.561955Z,,,,,c3b59e64-a696-49d2-85b6-a6b819773ef0,OBCI,us_equity,134,0,,,limit,limit,buy,day,9.29,,canceled,False,
24a67091-e606-4435-967f-86e4653fdd97,89db9754-af5d-43ee-9a91-c952c9d6716b,2020-06-22T13:50:49.317408Z,2020-06-22T13:50:55.362714Z,2020-06-22T13:50:49.297935Z,,,2020-06-22T13:50:55.342006Z,,,,,ede37bf9-fccb-4653-8bf0-118ff53d05a4,NK,us_equity,128,0,,,limit,limit,buy,day,9.71,,canceled,False,
97835769-f486-49a4-8f22-89455c134c2f,8412f9d1-d078-4f62-a11e-879347333d62,2020-06-22T13:50:46.513767Z,2020-06-22T13:50:47.187176Z,2020-06-22T13:50:46.498551Z,,,2020-06-22T13:50:47.175554Z,,,,,ede37bf9-fccb-4653-8bf0-118ff53d05a4,NK,us_equity,128,0,,,limit,limit,buy,day,9.74,,canceled,False,
7c2f62e8-ee3c-4857-b8e5-09e1bec641c4,e6e71b49-ecc2-4964-b516-91826ef8804a,2020-06-22T13:50:39.293839Z,2020-06-22T13:50:39.434296Z,2020-06-22T13:50:39.277933Z,,,2020-06-22T13:50:39.422849Z,,,,,ede37bf9-fccb-4653-8bf0-118ff53d05a4,NK,us_equity,127,0,,,limit,limit,buy,day,9.8,,canceled,False,
9127a5ff-364b-4e2c-a55a-38aa5ae951ce,b13e33f8-9580-4260-81fb-eccc9447c84d,2020-06-22T13:50:36.196138Z,2020-06-22T13:50:36.442399Z,2020-06-22T13:50:36.176159Z,,,2020-06-22T13:50:36.41837Z,,,,,ede37bf9-fccb-4653-8bf0-118ff53d05a4,NK,us_equity,127,0,,,limit,limit,buy,day,9.82,,canceled,False,
944634fe-15b7-4513-8efd-53fcf224317b,02b90080-7e83-4214-9913-da4cb27b6239,2020-06-22T13:50:32.37346Z,2020-06-22T13:50:32.577889Z,2020-06-22T13:50:32.353542Z,,,2020-06-22T13:50:32.549397Z,,,,,ede37bf9-fccb-4653-8bf0-118ff53d05a4,NK,us_equity,127,0,,,limit,limit,buy,day,9.8,,canceled,False,
e8340c1c-0bbd-489b-9942-f31ca15e9601,289d5216-3391-4ec3-b36f-854a625c0c34,2020-06-22T13:50:26.409946Z,2020-06-22T13:50:27.128768Z,2020-06-22T13:50:26.394618Z,,,2020-06-22T13:50:27.117818Z,,,,,ede37bf9-fccb-4653-8bf0-118ff53d05a4,NK,us_equity,127,0,,,limit,limit,buy,day,9.78,,canceled,False,
7b3a87f3-6420-470f-ad5b-1406788c8578,ca4a8154-a159-4a49-8393-7646960051f6,2020-06-22T13:50:23.193048Z,2020-06-22T13:50:23.334778Z,2020-06-22T13:50:23.179592Z,,,2020-06-22T13:50:23.302857Z,,,,,ede37bf9-fccb-4653-8bf0-118ff53d05a4,NK,us_equity,126,0,,,limit,limit,buy,day,9.85,,canceled,False,
7509f0f8-0e20-4618-988d-8f63b43f8e3b,36e045b3-646f-4752-9f22-7d65b36db0b1,2020-06-22T13:50:21.250169Z,2020-06-22T13:50:21.48347Z,2020-06-22T13:50:21.235515Z,,,2020-06-22T13:50:21.460253Z,,,,,ede37bf9-fccb-4653-8bf0-118ff53d05a4,NK,us_equity,127,0,,,limit,limit,buy,day,9.79,,canceled,False,
a1b31562-8736-498a-80d3-b39b83d10c1f,b58d18ed-14cf-4292-8af6-cbd4caf11315,2020-06-22T13:50:17.428772Z,2020-06-22T13:50:17.622806Z,2020-06-22T13:50:17.405937Z,2020-06-22T13:50:17.596055Z,,,,,,,67707692-13bd-4864-b5a4-1aea9d1db387,MLSS,us_equity,416,416,3,,limit,limit,buy,day,3,,filled,False,
2a586a27-b8cd-47dd-8f2c-80db281b756e,ef7e0687-48db-4108-aaa3-3a724ec12c46,2020-06-22T13:50:14.411672Z,2020-06-22T13:50:14.628118Z,2020-06-22T13:50:14.395659Z,,,2020-06-22T13:50:14.608149Z,,,,,ede37bf9-fccb-4653-8bf0-118ff53d05a4,NK,us_equity,127,0,,,limit,limit,buy,day,9.77,,canceled,False,
cf28a075-0677-4586-9fc3-19c47b7ef086,f2bdaac2-9712-4f09-ad20-6fa836279e71,2020-06-22T13:50:12.269007Z,2020-06-22T13:50:12.459315Z,2020-06-22T13:50:12.255437Z,,,2020-06-22T13:50:12.431867Z,,,,,ede37bf9-fccb-4653-8bf0-118ff53d05a4,NK,us_equity,128,0,,,limit,limit,buy,day,9.75,,canceled,False,
306e15e5-a658-4da1-9697-81209298190b,9736ce09-c6bf-4151-98ae-50b3f2a5b676,2020-06-22T13:50:07.233506Z,2020-06-22T13:50:07.435746Z,2020-06-22T13:50:07.209145Z,,,2020-06-22T13:50:07.385325Z,,,,,ede37bf9-fccb-4653-8bf0-118ff53d05a4,NK,us_equity,129,0,,,limit,limit,buy,day,9.67,,canceled,False,
8b77f85b-5cb8-4f22-b652-06daca7a2bed,2bcc3c02-051e-4f26-ae66-1b5f4f65e668,2020-06-22T13:50:02.317427Z,2020-06-22T13:50:04.318363Z,2020-06-22T13:50:02.280608Z,,,2020-06-22T13:50:04.289912Z,,,,,ede37bf9-fccb-4653-8bf0-118ff53d05a4,NK,us_equity,128,0,,,limit,limit,buy,day,9.71,,canceled,False,
31bd7488-da64-460a-b2b0-17f072dde48d,2227d295-360d-42a2-98a5-3882f80fc0c9,2020-06-22T13:49:45.336912Z,2020-06-22T13:49:45.563044Z,2020-06-22T13:49:45.318889Z,2020-06-22T13:49:45.540387Z,,,,,,,a2066a09-3c46-4b9c-969a-0a8c62c38080,RIOT,us_equity,555,555,2.25,,limit,limit,buy,day,2.25,,filled,False,
cbf2e546-db8d-4cca-9b31-30b9d38f2c65,e95c6006-54e4-41a2-9735-743db00ed75e,2020-06-22T13:49:26.408528Z,2020-06-22T13:49:36.183222Z,2020-06-22T13:49:26.383692Z,,,2020-06-22T13:49:36.173487Z,,,,,a2066a09-3c46-4b9c-969a-0a8c62c38080,RIOT,us_equity,555,0,,,limit,limit,buy,day,2.24,,canceled,False,
503c1f62-75e7-45a7-ae65-cf8d8792a4e6,4d066f31-5a49-42f0-817f-34f9ea871662,2020-06-22T13:48:17.15719Z,2020-06-22T13:48:17.275711Z,2020-06-22T13:48:17.132988Z,2020-06-22T13:48:17.263034Z,,,,,,,1abb3fb5-2390-4036-9ced-a1e7eebe75eb,SINT,us_equity,405,405,2.99,,limit,limit,buy,day,3.08,,filled,False,
a94151ae-455b-477c-a750-bd342f4b74fe,b79597f3-9a5d-4732-bb38-b7601b3c5169,2020-06-22T13:48:07.226094Z,2020-06-22T13:48:10.344053Z,2020-06-22T13:48:07.210741Z,2020-06-22T13:48:10.235069Z,,,,,,,3c2b0562-f07f-4868-8487-7b2cc046e332,HOME,us_equity,172,172,7.24,,limit,limit,buy,day,7.24,,filled,False,
f34ab6cf-940a-456f-9e82-a0cbd43a6fea,41a3886b-b2b0-4780-8757-918bf6c110e7,2020-06-22T13:48:01.240171Z,2020-06-22T13:48:06.299759Z,2020-06-22T13:48:01.222385Z,2020-06-22T13:48:06.253508Z,,,,,,,b93c37d4-b4b6-472a-9e64-966bfe39aa24,HL,us_equity,396,396,3.15,,limit,limit,buy,day,3.15,,filled,False,
891c0189-7910-465e-8c0f-85de1bc2a649,91456967-ff4e-45c8-90ed-7c5bbecdb2b8,2020-06-22T13:47:58.286702Z,2020-06-22T13:47:58.499099Z,2020-06-22T13:47:58.270465Z,,,2020-06-22T13:47:58.488952Z,,,,,b93c37d4-b4b6-472a-9e64-966bfe39aa24,HL,us_equity,396,0,,,limit,limit,buy,day,3.15,,canceled,False,
1b9e7159-906b-428b-866c-c3cdaa6230eb,ce04d45d-fdaa-4598-b409-83e549827093,2020-06-22T13:47:56.686742Z,2020-06-22T13:50:55.19464Z,2020-06-22T13:47:56.672007Z,,,2020-06-22T13:50:55.178983Z,,,,,c3b59e64-a696-49d2-85b6-a6b819773ef0,OBCI,us_equity,134,0,,,limit,limit,buy,day,9.29,,canceled,False,
e5e9c3a2-562e-42af-804d-3b0151e165f2,7446c240-a617-4211-a20f-fa45022bdd2c,2020-06-22T13:47:55.434475Z,2020-06-22T13:49:13.02581Z,2020-06-22T13:47:55.420014Z,2020-06-22T13:49:13.018058Z,,,,,,,e2a66ce3-b8dd-4adc-bbe0-f2c80aa21134,AXU,us_equity,584,584,2.13,,limit,limit,buy,day,2.13,,filled,False,
5905b18a-05c7-4708-9e80-49c6547ea7ce,c8404b2b-715e-4239-ab4e-03353fd396a4,2020-06-22T13:47:54.247558Z,2020-06-22T13:47:56.962926Z,2020-06-22T13:47:54.221773Z,,,2020-06-22T13:47:56.93394Z,,,,,b93c37d4-b4b6-472a-9e64-966bfe39aa24,HL,us_equity,396,0,,,limit,limit,buy,day,3.15,,canceled,False,
c07851d0-eb7d-48cb-8b3f-20ee04a5d8c3,47a692cb-b789-4420-b4af-5331b9a41e2f,2020-06-22T13:47:52.5854Z,2020-06-22T13:47:52.705609Z,2020-06-22T13:47:52.565636Z,,,2020-06-22T13:47:52.693363Z,,,,,b93c37d4-b4b6-472a-9e64-966bfe39aa24,HL,us_equity,395,0,,,limit,limit,buy,day,3.16,,canceled,False,
8750899f-cfe4-445e-b667-792ebc13d6f1,81f1b5dc-e56c-4fff-a27e-20d4c14580cc,2020-06-22T13:47:51.41879Z,2020-06-22T13:49:19.75931Z,2020-06-22T13:47:51.404749Z,2020-06-22T13:49:19.736691Z,,,,,,,a18d2410-9441-430d-837b-9a0d8c460e57,ZIOP,us_equity,364,364,3.43,,limit,limit,buy,day,3.43,,filled,False,
d1130085-b642-4846-8883-680e2bdaf578,ccd5f870-37d1-4a8c-80e6-39775d8dc501,2020-06-22T13:47:48.39404Z,2020-06-22T13:47:49.290684Z,2020-06-22T13:47:48.378505Z,,,2020-06-22T13:47:49.281761Z,,,,,b93c37d4-b4b6-472a-9e64-966bfe39aa24,HL,us_equity,396,0,,,limit,limit,buy,day,3.15,,canceled,False,
fc222fda-1fb4-41e9-a32d-734204b39b11,e6a0a06d-4ccf-40e8-a629-2170d198a44c,2020-06-22T13:47:46.169436Z,2020-06-22T13:47:46.452235Z,2020-06-22T13:47:46.152492Z,,,2020-06-22T13:47:46.431175Z,,,,,b93c37d4-b4b6-472a-9e64-966bfe39aa24,HL,us_equity,396,0,,,limit,limit,buy,day,3.15,,canceled,False,
393203cf-8871-4a83-8a8e-bfb32f9bde11,0dd45b92-fcce-465e-9fb9-2d19c9d45fe5,2020-06-22T13:47:44.566548Z,2020-06-22T13:47:46.465225Z,2020-06-22T13:47:44.547826Z,,,2020-06-22T13:47:46.436768Z,,,,,a18d2410-9441-430d-837b-9a0d8c460e57,ZIOP,us_equity,364,0,,,limit,limit,buy,day,3.42,,canceled,False,
fe486b09-4403-46f9-989e-ef85b6653e58,d51aef09-758d-45d2-b8d5-913affcf67d5,2020-06-22T13:47:43.459465Z,2020-06-22T13:47:43.61119Z,2020-06-22T13:47:43.444307Z,2020-06-22T13:47:43.571471Z,,,,,,,1081b8d5-5310-4f97-978d-252d495aa8c3,ODP,us_equity,502,502,2.49,,limit,limit,buy,day,2.49,,filled,False,
324f3313-54f0-4e28-9263-aed2ec34a4c3,6be64f2f-3ca2-4ac9-8be2-b23648fe4a65,2020-06-22T13:47:42.002343Z,2020-06-22T13:47:42.221708Z,2020-06-22T13:47:41.981257Z,,,2020-06-22T13:47:42.208806Z,,,,,b93c37d4-b4b6-472a-9e64-966bfe39aa24,HL,us_equity,396,0,,,limit,limit,buy,day,3.15,,canceled,False,
a890e33e-997a-4c13-8b34-3451741e3be6,781caf07-7aa7-4e79-8815-c01339e42c57,2020-06-22T13:47:40.690553Z,2020-06-22T13:47:40.867938Z,2020-06-22T13:47:40.668559Z,2020-06-22T13:47:40.841667Z,,,,,,,b638bfcc-44c7-4341-946d-0a7d8f3a7a7b,HMY,us_equity,361,361,3.44,,limit,limit,buy,day,3.45,,filled,False,
7d1eb7db-bcb4-43f4-9436-0a95db058852,e21df43a-94af-4ac1-8f5f-2b3a59b7c0e8,2020-06-22T13:47:39.484192Z,2020-06-22T13:47:39.595869Z,2020-06-22T13:47:39.468037Z,2020-06-22T13:47:39.562695Z,,,,,,,7de48af2-2648-42c6-8319-2719b702617f,SNCR,us_equity,329,329,3.79,,limit,limit,buy,day,3.79,,filled,False,
6ae66a9e-7625-4a36-ba03-e6605484cde2,1c6de3c3-adca-4ae5-99b8-26d269488887,2020-06-22T13:47:38.433449Z,2020-06-22T13:47:39.73124Z,2020-06-22T13:47:38.420411Z,,,2020-06-22T13:47:39.723833Z,,,,,b93c37d4-b4b6-472a-9e64-966bfe39aa24,HL,us_equity,396,0,,,limit,limit,buy,day,3.15,,canceled,False,
8b79f18a-58f0-47d9-a109-a7c8189740c8,30d7c347-c68b-4072-a7a5-ec33aaca9fc3,2020-06-22T13:47:37.277672Z,2020-06-22T13:47:50.306721Z,2020-06-22T13:47:37.259702Z,,,2020-06-22T13:47:50.296856Z,,,,,e2a66ce3-b8dd-4adc-bbe0-f2c80aa21134,AXU,us_equity,584,0,,,limit,limit,buy,day,2.13,,canceled,False,
97621fe1-7b6c-457f-bd47-55cfac243545,eef94f39-5258-4cd9-98a4-c679b78e70e8,2020-06-22T13:47:36.020421Z,2020-06-22T13:47:38.273384Z,2020-06-22T13:47:36.005542Z,2020-06-22T13:47:38.256395Z,,,,,,,76b615bb-4a70-44f0-b330-9524a0b05aec,KGC,us_equity,181,181,6.88,,limit,limit,buy,day,6.88,,filled,False,
2ba708a0-119e-43e3-9db3-6b9a4a6fc23d,fa93f7a2-59e6-422c-b0c6-a21e8d2ea01a,2020-06-22T13:47:34.536458Z,2020-06-22T13:47:34.739359Z,2020-06-22T13:47:34.522735Z,,,2020-06-22T13:47:34.70119Z,,,,,b638bfcc-44c7-4341-946d-0a7d8f3a7a7b,HMY,us_equity,361,0,,,limit,limit,buy,day,3.45,,canceled,False,
2d934fb1-f750-4b89-9c5c-928d614a2aff,86f18e46-146a-4cb6-a1d4-3514a74e8b01,2020-06-22T13:47:33.2963Z,2020-06-22T13:47:33.492358Z,2020-06-22T13:47:33.279643Z,2020-06-22T13:47:33.471058Z,,,,,,,3171a059-104b-4e3e-a38c-8fe95849bfda,SONO,us_equity,99,99,12.54,,limit,limit,buy,day,12.54,,filled,False,
fde3d751-2196-4f37-8cda-f2800a34b06e,318cd296-36ef-4a35-bde5-e70e051074c9,2020-06-22T13:47:32.080472Z,2020-06-22T13:47:32.269375Z,2020-06-22T13:47:32.060825Z,2020-06-22T13:47:32.250794Z,,,,,,,36913529-0b3c-4349-8360-e266720c49a2,AG,us_equity,133,133,9.36,,limit,limit,buy,day,9.36,,filled,False,
6c274221-efae-41e2-b9ca-17fe5d7b4f51,1da05784-8993-4f70-8cde-abb0ba8f3de1,2020-06-22T13:47:30.50096Z,2020-06-22T13:47:32.255332Z,2020-06-22T13:47:30.486519Z,,,2020-06-22T13:47:32.21495Z,,,,,1081b8d5-5310-4f97-978d-252d495aa8c3,ODP,us_equity,503,0,,,limit,limit,buy,day,2.48,,canceled,False,
d3c3420a-7e0c-46c6-acac-37c745785bc0,5a830a96-1b1f-4edf-bd97-95e2617d434b,2020-06-22T13:47:28.701011Z,2020-06-22T13:47:30.78332Z,2020-06-22T13:47:28.687447Z,,,2020-06-22T13:47:30.764915Z,,,,,b93c37d4-b4b6-472a-9e64-966bfe39aa24,HL,us_equity,396,0,,,limit,limit,buy,day,3.15,,canceled,False,
34c373cc-1064-4cfb-a2d8-a70c9c04327c,5d3a16fc-e07b-46ff-a72a-8f9eee5705a6,2020-06-22T13:47:27.44482Z,2020-06-22T13:47:30.604137Z,2020-06-22T13:47:27.431012Z,,,2020-06-22T13:47:30.587233Z,,,,,76b615bb-4a70-44f0-b330-9524a0b05aec,KGC,us_equity,181,0,,,limit,limit,buy,day,6.88,,canceled,False,
fec8cc12-cb7b-493d-bae4-2c6a0576e811,8b281658-57c2-4b4a-8653-214173ada3ae,2020-06-22T13:47:26.278034Z,2020-06-22T13:47:38.984373Z,2020-06-22T13:47:26.2613Z,2020-06-22T13:47:38.9553Z,,,,,,,c86d4aea-b196-4ac3-bb4f-75e09872745d,SILV,us_equity,142,142,8.76,,limit,limit,buy,day,8.76,,filled,False,
d8224877-f1b6-4407-b5e9-9e18832ba554,f32de00c-c704-4f48-a9b5-9ce3778edfd2,2020-06-22T13:47:24.934036Z,2020-06-22T13:47:32.24234Z,2020-06-22T13:47:24.918723Z,,,2020-06-22T13:47:32.209214Z,,,,,7de48af2-2648-42c6-8319-2719b702617f,SNCR,us_equity,333,0,,,limit,limit,buy,day,3.75,,canceled,False,
8487a682-fad2-4677-bcb2-13b0361d7bce,035eec85-9fbe-442e-abf2-8970ced825bc,2020-06-22T13:47:23.781987Z,2020-06-22T13:47:25.231375Z,2020-06-22T13:47:23.768637Z,,,2020-06-22T13:47:25.218225Z,,,,,36913529-0b3c-4349-8360-e266720c49a2,AG,us_equity,133,0,,,limit,limit,buy,day,9.36,,canceled,False,
38359a4c-22ed-4559-93fa-38956be5cbca,e7274dfd-8ef8-42cd-90a9-7e90d6556895,2020-06-22T13:47:22.575065Z,2020-06-22T13:47:22.753947Z,2020-06-22T13:47:22.559608Z,2020-06-22T13:47:22.72032Z,,,,,,,97446bb1-864a-491c-bb61-0028688e97bd,GFI,us_equity,143,143,8.73,,limit,limit,buy,day,8.73,,filled,False,
80e198e5-daa9-4da9-8a62-24c28a81aec1,7ae832e9-bd73-47e8-96d8-b920042770db,2020-06-22T13:47:21.528257Z,2020-06-22T13:47:26.484642Z,2020-06-22T13:47:21.503638Z,,,2020-06-22T13:47:26.437432Z,,,,,3171a059-104b-4e3e-a38c-8fe95849bfda,SONO,us_equity,99,0,,,limit,limit,buy,day,12.52,,canceled,False,
c16e77a5-e695-48c3-994a-80c5d9bed79c,a737e8d5-2ec3-4d40-9d69-8e4208adda2e,2020-06-22T13:47:19.871202Z,2020-06-22T13:47:19.985686Z,2020-06-22T13:47:19.85415Z,2020-06-22T13:47:19.968332Z,,,,,,,74f7cda3-433d-4597-bf2c-b6e7782133d6,CDE,us_equity,247,247,5.05,,limit,limit,buy,day,5.05,,filled,False,
216b6658-1ac3-45b0-b32c-4af63d8567a8,48efc983-ebe5-4367-94d3-054555d40b1b,2020-06-22T13:47:18.709523Z,2020-06-22T13:47:19.973551Z,2020-06-22T13:47:18.69819Z,,,2020-06-22T13:47:19.95808Z,,,,,76b615bb-4a70-44f0-b330-9524a0b05aec,KGC,us_equity,181,0,,,limit,limit,buy,day,6.88,,canceled,False,
e8fcbc18-142c-4b6a-8575-9808c14a5625,55978b1b-628c-45bd-bc80-7c135942ec6d,2020-06-22T13:47:17.40435Z,2020-06-22T13:47:25.084915Z,2020-06-22T13:47:17.386987Z,,,2020-06-22T13:47:25.042174Z,,,,,e2a66ce3-b8dd-4adc-bbe0-f2c80aa21134,AXU,us_equity,586,0,,,limit,limit,buy,day,2.13,,canceled,False,
aca17ca8-dc7b-4062-8ef7-f76ac124e175,82e0a5cc-5de0-4469-a8f4-d605344f789d,2020-06-22T13:47:16.09096Z,2020-06-22T13:47:16.203261Z,2020-06-22T13:47:16.078882Z,2020-06-22T13:47:16.190978Z,,,,,,,1e9bed06-c870-4b66-91b3-ff0c7d145bb9,EGO,us_equity,136,136,9.17,,limit,limit,buy,day,9.17,,filled,False,
d1317e4d-4017-49df-90b5-f0cc07690700,b1cc526f-340e-426e-8b7c-dc217562bdde,2020-06-22T13:47:14.807642Z,2020-06-22T13:47:15.133777Z,2020-06-22T13:47:14.792098Z,2020-06-22T13:47:15.123659Z,,,,,,,3dc67a93-cf3b-4dd5-92bc-681dd62390c0,NAVB,us_equity,294,294,4.25,,limit,limit,buy,day,4.25,,filled,False,
d738808f-d30a-4f46-a521-7cc5e5e0be94,5707f8fd-1ea7-4fe3-b708-60f2d6b09e03,2020-06-22T13:47:13.722526Z,2020-06-22T13:47:16.357233Z,2020-06-22T13:47:13.710522Z,,,2020-06-22T13:47:16.349073Z,,,,,c86d4aea-b196-4ac3-bb4f-75e09872745d,SILV,us_equity,143,0,,,limit,limit,buy,day,8.74,,canceled,False,
fcf580ba-5857-4ff7-a09e-b38f7bf749f8,e3426809-74c5-4636-b762-60b4090cd50e,2020-06-22T13:47:12.09588Z,2020-06-22T13:47:12.520145Z,2020-06-22T13:47:12.083061Z,,,2020-06-22T13:47:12.486422Z,,,,,76b615bb-4a70-44f0-b330-9524a0b05aec,KGC,us_equity,181,0,,,limit,limit,buy,day,6.88,,canceled,False,
df919f25-3fb5-4e2b-b081-cf242c3edad9,4a42e3f7-56ef-4f16-9c2b-a1ea6c3d1ea3,2020-06-22T13:47:10.941347Z,2020-06-22T13:47:12.315977Z,2020-06-22T13:47:10.930041Z,,,2020-06-22T13:47:12.294635Z,,,,,b93c37d4-b4b6-472a-9e64-966bfe39aa24,HL,us_equity,396,0,,,limit,limit,buy,day,3.15,,canceled,False,
c9f89407-9c31-403f-b6c8-1d07e30aa861,0c5de25a-77d1-4be2-ada6-165682d317f9,2020-06-22T13:47:09.805176Z,2020-06-22T13:47:10.43498Z,2020-06-22T13:47:09.795049Z,2020-06-22T13:47:10.399407Z,,,,,,,9e4ef521-d808-4471-b5a5-b3abd456a1f2,GPS,us_equity,108,108,11.56,,limit,limit,buy,day,11.56,,filled,False,
aa36bd05-b40a-4804-8155-aed5a552dce6,46b42cbb-8a38-41ef-9821-4765407b7c56,2020-06-22T13:47:08.672718Z,2020-06-22T13:47:14.059781Z,2020-06-22T13:47:08.65666Z,,,2020-06-22T13:47:14.031484Z,,,,,74f7cda3-433d-4597-bf2c-b6e7782133d6,CDE,us_equity,247,0,,,limit,limit,buy,day,5.04,,canceled,False,
6807ae62-2f76-44a5-a38f-7d41845b834a,c4946757-9fbe-42f3-b500-f5adbe8307ff,2020-06-22T13:47:07.305777Z,2020-06-22T13:47:12.328708Z,2020-06-22T13:47:07.294377Z,,,2020-06-22T13:47:12.300547Z,,,,,3171a059-104b-4e3e-a38c-8fe95849bfda,SONO,us_equity,99,0,,,limit,limit,buy,day,12.5,,canceled,False,
